[
    {
        "id": "1h2GJKH12gkHG31h1H",
        "name": "milk, 4 L \ud83e\udd5b",
        "quantity": 1,
        "category": "dairy"
    },
    {
        "id": "2KJH3k2j3H1k2J3K1H",
        "name": "bread \ud83c\udf5e",
        "quantity": 2,
        "category": "bakery"
    },
    {
        "id": "3h2KJH3k2j3H1k2J3",
        "name": "eggs, dozen \ud83e\udd5a",
        "quantity": 2,
        "category": "dairy"
    },
    {
        "id": "4k2J3K1H2GJKH12gk",
        "name": "bananas \ud83c\udf4c",
        "quantity": 6,
        "category": "produce"
    },
    {
        "id": "5H1h1H2KJH3k2j3H",
        "name": "broccoli \ud83e\udd66",
        "quantity": 3,
        "category": "produce"
    },
    {
        "id": "6H1k2J3K1H2GJKH1",
        "name": "chicken breasts, 1 kg \ud83c\udf57",
        "quantity": 1,
        "category": "meat"
    },
    {
        "id": "7gkHG31h1H2KJH3k",
        "name": "pasta sauce \ud83c\udf5d",
        "quantity": 3,
        "category": "canned goods"
    },
    {
        "id": "8j3H1k2J3K1H2GJK",
        "name": "spaghetti, 454 g \ud83c\udf5d",
        "quantity": 2,
        "category": "dry goods"
    },
    {
        "id": "9H12gkHG31h1H2KJ",
        "name": "toilet paper, 12 pack \ud83e\uddfb",
        "quantity": 1,
        "category": "household"
    },
    {
        "id": "10H3k2j3H1k2J3K1",
        "name": "paper towels, 6 pack",
        "quantity": 1,
        "category": "household"
    },
    {
        "id": "11k2J3K1H2GJKH12",
        "name": "dish soap \ud83c\udf7d\ufe0f",
        "quantity": 1,
        "category": "household"
    },
    {
        "id": "12GJKH12gkHG31h1",
        "name": "hand soap \ud83e\uddfc",
        "quantity": 4,
        "category": "household"
    }
]